mal_id,title,restricted,uploaded_members,members,plan_to_watch,watching,completed,watching_completed,dropped,on_hold,score,scored_by,observed_at,age_hours,airing_status,premiere,members_per_day,percent_per_day,pace_change,observed_days,growth_window_start,growth_window_end,anilist_popularity,anilist_favorites,anilist_observed_at,anilist_per_day
53913,Tensei shitara Ken deshita II,True,92114,92297,92052,172,0,172,15,58,,36,2026-09-15T14:21:06.491229+00:00,0.06498849666666666,not_yet_aired,2026-10-08,142.12178016180016,0.1542136743690797,,2,2026-09-14T15:02:52.242322+00:00,2026-09-15T14:21:06.491229+00:00,37038,586,2026-09-15T14:22:28.569055+00:00,138.00029551508868
61323,Ao no Hako Season 2,True,69429,69757,69750,4,2,6,0,1,,0,2026-09-15T14:21:24.045057+00:00,0.06011243333333333,not_yet_aired,2026-10-04,259.52483822151373,0.37339017081003345,,2,2026-09-14T15:03:09.184938+00:00,2026-09-15T14:21:24.045057+00:00,32989,475,2026-09-15T14:22:30.722498+00:00,158.5974109061876
59088,Tokyo Revengers: Santen Sensou-hen,True,58117,58341,58337,3,1,4,1,2,,0,2026-09-15T14:21:13.082605+00:00,0.06315755888888888,not_yet_aired,2026-10-03,185.37478616497674,0.31872695821078856,,2,2026-09-14T15:02:58.178008+00:00,2026-09-15T14:21:13.082605+00:00,22912,276,2026-09-15T14:22:32.953637+00:00,97.83598426899114
52480,"Tantei wa Mou, Shindeiru. Season 2",False,55315,55455,55451,2,0,2,0,2,,0,2026-09-15T14:21:05.167105+00:00,0.0653563088888889,not_yet_aired,2026-10-07,118.43487332661829,0.21401314298268573,,2,2026-09-14T15:02:50.958238+00:00,2026-09-15T14:21:05.167105+00:00,19651,256,2026-09-15T14:22:37.357100+00:00,58.70154902170471
57612,Kikansha no Mahou wa Tokubetsu desu 2nd Season,False,43623,43829,43359,349,1,350,26,92,,55,2026-09-15T14:21:10.622183+00:00,0.06384100944444444,not_yet_aired,2026-10-08,210.09166424753923,0.48158547678519026,,2,2026-09-14T15:02:55.813395+00:00,2026-09-15T14:21:10.622183+00:00,19375,251,2026-09-15T14:22:39.513870+00:00,98.86579877154684
60601,"Tensei Kizoku, Kantei Skill de Nariagaru 3rd Season",False,37340,37506,37502,5,0,5,1,1,,0,2026-09-15T14:21:17.897580+00:00,0.06182006583333333,not_yet_aired,2026-09-28,134.9117203210999,0.36096781356816027,,2,2026-09-14T15:03:03.036755+00:00,2026-09-15T14:21:17.897580+00:00,13433,142,2026-09-15T14:22:41.779410+00:00,69.00006003144682
64534,Koori no Jouheki 2nd Season,False,33190,33629,33622,4,1,5,0,2,,1,2026-09-15T14:22:23.439577+00:00,0.043613955555555556,not_yet_aired,2026-10-01,375.89752501718925,1.1300430646259898,,2,2026-09-14T15:04:08.234365+00:00,2026-09-15T14:22:23.439577+00:00,19056,199,2026-09-15T14:22:43.931901+00:00,205.97036010051656
61603,Ao Ashi Season 2,True,31227,31386,31383,2,1,3,1,2,,1,2026-09-15T14:21:26.527766+00:00,0.05942279194444445,not_yet_aired,2026-10-04,133.8817281522003,0.4283392889435638,,2,2026-09-14T15:03:11.584408+00:00,2026-09-15T14:21:26.527766+00:00,15333,168,2026-09-15T14:22:35.120176+00:00,77.23895179813886
63293,Hotaru no Yomeiri,False,28848,29295,28934,235,1,236,17,105,,53,2026-09-15T14:21:48.293439+00:00,0.05337677166666666,not_yet_aired,2026-10-09,362.5085965802424,1.2524914368940414,,2,2026-09-14T15:03:32.903683+00:00,2026-09-15T14:21:48.293439+00:00,16820,207,2026-09-15T14:22:46.095999+00:00,176.1046519413084
63367,Dragon Ball Super: Beerus,False,25550,25729,25725,2,0,2,0,2,,0,2026-09-15T14:21:50.753296+00:00,0.052693478055555555,not_yet_aired,2026-10-11,146.23920580940384,0.571537131392519,,2,2026-09-14T15:03:35.330505+00:00,2026-09-15T14:21:50.753296+00:00,9929,169,2026-09-15T14:22:48.368859+00:00,90.62684905540439
63801,Ranma ½ (2024) 3rd Season,False,23338,23520,23513,3,1,4,0,1,,0,2026-09-15T14:22:03.703805+00:00,0.04909611444444445,not_yet_aired,2026-10-04,145.20924941664597,0.621109754123983,,2,2026-09-14T15:03:48.221603+00:00,2026-09-15T14:22:03.703805+00:00,9852,73,2026-09-15T14:22:50.537069+00:00,85.47761830908098
58518,Sasaki to Pii-chan Season 2,False,22945,23019,23017,0,1,1,0,1,,0,2026-09-15T14:21:11.912306+00:00,0.06348264194444445,not_yet_aired,2026-10-07,65.91100730308534,0.2871313757485748,,2,2026-09-14T15:02:56.972352+00:00,2026-09-15T14:21:11.912306+00:00,8962,86,2026-09-15T14:22:52.795220+00:00,53.552188635956355
63181,Tougen Anki: Nikko Kegon no Taki-hen,False,19895,20047,20043,2,1,3,0,1,,0,2026-09-15T14:21:45.964361+00:00,0.054023737777777775,not_yet_aired,2026-10,102.98533498447743,0.5162948562915598,,2,2026-09-14T15:03:30.524284+00:00,2026-09-15T14:21:45.964361+00:00,9962,120,2026-09-15T14:22:55.022497+00:00,57.67154838435675
62484,Chitose-kun wa Ramune Bin no Naka Part 2,False,19062,19212,19208,1,1,2,0,2,,0,2026-09-15T14:21:30.530176+00:00,0.05831101138888889,not_yet_aired,2026-10-13,123.58248830084663,0.6472998549174871,,2,2026-09-14T15:03:15.148698+00:00,2026-09-15T14:21:30.530176+00:00,8633,100,2026-09-15T14:22:57.188804+00:00,59.73124788371552
64254,Hyouken no Majutsushi ga Sekai wo Suberu II,False,17830,17989,17986,1,1,2,0,1,,0,2026-09-15T14:22:14.129026+00:00,0.04620021972222223,not_yet_aired,2026-10-09,139.0304037512278,0.7787073134940506,,2,2026-09-14T15:03:58.810554+00:00,2026-09-15T14:22:14.129026+00:00,8323,95,2026-09-15T14:22:59.367361+00:00,75.17897937107861
61578,Seitokai ni mo Ana wa Aru!,False,17034,17414,17414,2,0,2,0,1,,0,2026-09-15T14:21:25.333447+00:00,0.05975454722222222,not_yet_aired,2026-10-04,306.898195064495,1.7930485806525767,,2,2026-09-14T15:03:10.411893+00:00,2026-09-15T14:21:25.333447+00:00,11215,81,2026-09-15T14:23:01.526829+00:00,159.6267496402182
63409,"Doumo, Suki na Hito ni Horegusuri wo Irai sareta Majo desu.",False,14445,15111,15106,5,0,5,0,3,,1,2026-09-15T14:21:54.268188+00:00,0.051717119166666665,not_yet_aired,2026-10-05,449.01629990473566,3.0597362855518613,,2,2026-09-14T15:03:38.872836+00:00,2026-09-15T14:21:54.268188+00:00,6385,52,2026-09-15T14:23:05.929499+00:00,263.64134311695915
63140,Yasei no Last Boss ga Arawareta! 2nd Season,False,14877,15098,15095,2,0,2,0,1,,0,2026-09-15T14:21:43.587926+00:00,0.054683858611111115,not_yet_aired,2026-10-03,163.74665691237865,1.0961018603144699,,2,2026-09-14T15:03:28.134675+00:00,2026-09-15T14:21:43.587926+00:00,9200,100,2026-09-15T14:23:03.770369+00:00,87.53717768152713
61153,"Tensei shita Daiseijo wa, Seijo de Aru Koto wo Hitakakusu",False,13309,13484,13480,6,0,6,0,1,,0,2026-09-15T14:21:22.699385+00:00,0.06048623111111111,not_yet_aired,2026-10-03,139.03139577984825,1.0415116921106318,,2,2026-09-14T15:03:07.979530+00:00,2026-09-15T14:21:22.699385+00:00,6426,49,2026-09-15T14:23:08.135877+00:00,68.99984794977382
64503,Yozakura-san Chi no Daisakusen 2nd Season Part 2,False,12661,12785,12775,3,1,4,0,3,,0,2026-09-15T14:22:21.101297+00:00,0.04426347777777778,not_yet_aired,2026-10-11,97.83637224652678,0.7709722005242458,,2,2026-09-14T15:04:05.921912+00:00,2026-09-15T14:22:21.101297+00:00,4873,43,2026-09-15T14:23:10.364394+00:00,47.37301031244099
63098,Psyren,False,12496,12703,12690,2,1,3,0,1,,0,2026-09-15T14:21:42.294136+00:00,0.05504324472222222,not_yet_aired,2026-10-05,163.7468557731214,1.3053799089056235,,2,2026-09-14T15:03:26.942771+00:00,2026-09-15T14:21:42.294136+00:00,6865,70,2026-09-15T14:23:12.619827+00:00,110.19364036488274
59204,Magic Knight Rayearth (2026),False,12151,12245,12131,92,0,92,7,17,,14,2026-09-15T14:21:14.365495+00:00,0.06280120055555555,not_yet_aired,2026-10-07,72.09009259959198,0.5921157503046569,,2,2026-09-14T15:02:59.342172+00:00,2026-09-15T14:21:14.365495+00:00,6094,37,2026-09-15T14:23:14.848505+00:00,45.31323502596107
63382,Kyouran Reijou Nia Liston: Byoujaku Reijou ni Tensei shita Kamigoroshi no Bujin no Karei Naru Musouroku,False,11483,11700,11696,1,0,1,0,1,,0,2026-09-15T14:21:53.084362+00:00,0.05204595972222222,not_yet_aired,2026-10-06,165.8064716102013,1.4369223642447466,,2,2026-09-14T15:03:37.685920+00:00,2026-09-15T14:21:53.084362+00:00,6390,52,2026-09-15T14:23:17.000063+00:00,101.95489851084517
60948,"Mezametara Saikyou Soubi to Uchuusenmochi Datta node, Ikkodate Mezashite Youhei toshite Jiyuu ni Ikitai",False,10359,10572,10384,143,1,144,16,28,,34,2026-09-15T14:21:19.061604+00:00,0.061496725833333335,not_yet_aired,2026-10-04,168.89736464227911,1.6227648409135196,,2,2026-09-14T15:03:04.324525+00:00,2026-09-15T14:21:19.061604+00:00,6516,92,2026-09-15T14:23:19.154123+00:00,91.6564312379212
61014,Toaru Anbu no Item,False,10073,10307,10305,0,0,0,0,2,,0,2026-09-15T14:21:20.231560+00:00,0.061171738055555556,not_yet_aired,2026-10-09,189.4945971020266,1.871921338556027,,2,2026-09-14T15:03:05.491324+00:00,2026-09-15T14:21:20.231560+00:00,5275,39,2026-09-15T14:23:21.390970+00:00,77.23851867208042
54344,Mahou Shoujo Ikusei Keikaku: Restart,False,9817,9931,9931,0,0,0,0,0,,0,2026-09-15T14:21:07.745448+00:00,0.0646401025,not_yet_aired,2026-10-06,92.68806886484644,0.9418562022644695,,2,2026-09-14T15:02:53.452523+00:00,2026-09-15T14:21:07.745448+00:00,4782,40,2026-09-15T14:23:23.547000+00:00,41.19387444943807
64340,Tempal: Item no Chikara,False,9494,9806,9543,201,1,202,14,50,,49,2026-09-15T14:22:17.609558+00:00,0.04523340527777778,not_yet_aired,2026-10-02,232.74729716432068,2.4295124964960406,,2,2026-09-14T15:04:02.328118+00:00,2026-09-15T14:22:17.609558+00:00,8924,108,2026-09-15T14:23:27.942769+00:00,147.2680009008559
56733,Magical★Explorer,False,9515,9673,9669,2,0,2,0,0,,0,2026-09-15T14:21:09.030907+00:00,0.06428303055555556,not_yet_aired,2026-10-04,118.43465283519973,1.2391154303745524,,2,2026-09-14T15:02:54.665853+00:00,2026-09-15T14:21:09.030907+00:00,5345,80,2026-09-15T14:23:25.777437+00:00,73.11906711054056
63754,Shiotaiou no Satou-san ga Ore ni dake Amai,False,9442,9619,9611,6,0,6,0,2,,0,2026-09-15T14:22:01.418967+00:00,0.04973079166666666,not_yet_aired,2026-10,101.95529863862228,1.0709590193132592,,2,2026-09-14T15:03:45.828309+00:00,2026-09-15T14:22:01.418967+00:00,5605,60,2026-09-15T14:23:30.100438+00:00,80.3280135503232
61999,Shuiro no Kamen,False,8442,8615,8548,52,1,53,6,10,,7,2026-09-15T14:21:28.117494+00:00,0.05898120083333334,not_yet_aired,2026-10-10,128.73177554695158,1.5162753303527865,,2,2026-09-14T15:03:12.747030+00:00,2026-09-15T14:21:28.117494+00:00,4280,32,2026-09-15T14:23:32.373763+00:00,66.93990529445922
62753,"Yowaki Max Reijou nanoni, Ratsuwan Konyakusha-sama no Kake ni Notte Shimatta",False,8231,8402,8392,2,0,2,0,0,,0,2026-09-15T14:21:37.588973+00:00,0.05635023444444444,not_yet_aired,2026-10-04,139.03026885285504,1.6817499558830897,,2,2026-09-14T15:03:22.189099+00:00,2026-09-15T14:21:37.588973+00:00,3178,26,2026-09-15T14:23:34.594759+00:00,46.34297698830417
63337,FX Senshi Kurumi-chan,False,7484,7610,7551,43,1,44,6,8,,8,2026-09-15T14:21:49.468204+00:00,0.05305044805555556,not_yet_aired,2026-10-01,95.77652692858304,1.2741323257760149,,2,2026-09-14T15:03:34.173003+00:00,2026-09-15T14:21:49.468204+00:00,4326,31,2026-09-15T14:23:36.819121+00:00,62.820443012731374
59787,Romelia Senki,False,6306,6474,6447,23,1,24,1,2,,2,2026-09-15T14:21:16.655446+00:00,0.06216510305555556,not_yet_aired,2026-10-05,126.67284426840284,1.9945338414171443,,2,2026-09-14T15:03:01.799675+00:00,2026-09-15T14:21:16.655446+00:00,2608,25,2026-09-15T14:23:38.984268+00:00,55.61155108557919
64505,Diamond no Ace: Act II Second Season Part 2,False,6075,6115,6113,0,0,0,0,0,,0,2026-09-15T14:22:22.274954+00:00,0.04393746194444444,not_yet_aired,2026-10-11,30.89569838110805,0.5077353883501734,,2,2026-09-14T15:04:07.100680+00:00,2026-09-15T14:22:22.274954+00:00,2262,24,2026-09-15T14:23:41.154488+00:00,12.358127553206048
62524,#Zombie Sagashitemasu,False,5860,6053,6051,2,0,2,0,0,,0,2026-09-15T14:21:31.695816+00:00,0.0579872225,not_yet_aired,2026-10-03,147.2691979050763,2.4918646007627125,,2,2026-09-14T15:03:16.351944+00:00,2026-09-15T14:21:31.695816+00:00,3023,20,2026-09-15T14:23:43.390505+00:00,73.11893431714685
63292,Shinja Zero no Megami-sama to Hajimeru Isekai Kouryaku,False,5794,5990,5982,2,0,2,0,0,,0,2026-09-15T14:21:47.126683+00:00,0.05370087055555556,not_yet_aired,2026-10-11,160.6571625737412,2.7538080660565853,,2,2026-09-14T15:03:31.707493+00:00,2026-09-15T14:21:47.126683+00:00,2473,31,2026-09-15T14:23:47.776296+00:00,58.701109823265476
64084,"Sekai Saikyou no Majo, Hajimemashita",False,5807,5927,5925,2,0,2,0,0,,0,2026-09-15T14:22:10.656000+00:00,0.047164949166666664,not_yet_aired,2026-10-07,91.65708622907808,1.57000832869267,,2,2026-09-14T15:03:55.342322+00:00,2026-09-15T14:22:10.656000+00:00,3511,28,2026-09-15T14:23:45.542730+00:00,62.820517271543366
63751,Tank Chair,False,5730,5825,5824,1,0,1,0,0,,0,2026-09-15T14:21:58.942211+00:00,0.05041877944444445,not_yet_aired,2026-10-04,70.03004935302742,1.2164330268026302,,2,2026-09-14T15:03:43.527967+00:00,2026-09-15T14:21:58.942211+00:00,2637,18,2026-09-15T14:23:49.932206+00:00,37.07439173728926
62922,"Kashita Maryoku wa ""Revo Barai"" de Kyousei Choushuu",False,5398,5580,5576,2,0,2,0,0,,0,2026-09-15T14:21:39.946734+00:00,0.055695300833333336,not_yet_aired,2026-10-04,149.3289785239775,2.7475433031090617,,2,2026-09-14T15:03:24.643064+00:00,2026-09-15T14:21:39.946734+00:00,3437,34,2026-09-15T14:23:52.196481+00:00,72.08902162658347
62590,Hotel Inhumans 2nd Season,False,4853,4886,4886,0,0,0,1,0,,0,2026-09-15T14:21:34.040585+00:00,0.057335897777777776,not_yet_aired,2026-10-04,22.656788730546012,0.46580568936155453,,2,2026-09-14T15:03:18.656177+00:00,2026-09-15T14:21:34.040585+00:00,2011,12,2026-09-15T14:23:54.353002+00:00,10.29843559808841
63509,Dark Summoner to Dekiteiru,False,4409,4641,4638,3,0,3,0,0,,0,2026-09-15T14:21:55.454892+00:00,0.051387479166666666,not_yet_aired,2026-10-05,168.89599667000564,3.772526170873479,,2,2026-09-14T15:03:40.038308+00:00,2026-09-15T14:21:55.454892+00:00,5466,72,2026-09-15T14:23:58.756862+00:00,110.19319090600027
61140,Gensou Suikoden,False,4476,4536,4535,1,0,1,0,0,,0,2026-09-15T14:21:21.447757+00:00,0.060833905555555554,not_yet_aired,2026-10,61.791745661131316,1.3805126376481527,,2,2026-09-14T15:03:06.747186+00:00,2026-09-15T14:21:21.447757+00:00,2281,21,2026-09-15T14:23:56.509574+00:00,31.925158939625184
63753,Kanata kara,False,4316,4397,4395,2,0,2,0,0,,0,2026-09-15T14:22:00.224955+00:00,0.05006246166666667,not_yet_aired,2026-10-05,59.73142734188382,1.376617362108408,,2,2026-09-14T15:03:44.690845+00:00,2026-09-15T14:22:00.224955+00:00,2239,11,2026-09-15T14:24:01.006177+00:00,31.92510058407307
63712,Tensei Goblin dakedo Shitsumon Aru?,False,3872,4037,4032,2,0,2,0,0,,0,2026-09-15T14:21:57.773097+00:00,0.050743533333333334,not_yet_aired,2026-10-05,129.76162312368433,3.317863030521205,,2,2026-09-14T15:03:42.398348+00:00,2026-09-15T14:21:57.773097+00:00,2333,18,2026-09-15T14:24:03.167378+00:00,53.55177774525678
64298,Hitozukiai ga Nigate na Miboujin no Yukionna-san to Noroi no Yubiwa,False,3775,3971,3767,175,0,175,3,23,,60,2026-09-15T14:22:15.301653+00:00,0.045874490000000004,not_yet_aired,2026-10-04,148.29909409804236,3.875074316645998,,2,2026-09-14T15:03:59.981350+00:00,2026-09-15T14:22:15.301653+00:00,3660,67,2026-09-15T14:24:05.327716+00:00,56.64131727799429
64131,Kanojo no Tomodachi,False,3661,3767,3766,1,0,1,0,0,,0,2026-09-15T14:22:11.820456+00:00,0.04684148916666667,not_yet_aired,2026-10-05,71.05999016767103,1.9215789661349656,,2,2026-09-14T15:03:56.509101+00:00,2026-09-15T14:22:11.820456+00:00,4612,67,2026-09-15T14:24:07.550716+00:00,52.52195378137138
64180,Kizu darake Seijo yori Houfuku wo Komete Season 2,False,3632,3678,3678,0,0,0,0,0,,0,2026-09-15T14:22:12.993680+00:00,0.046515593611111114,not_yet_aired,2026-10-02,33.9851954247383,0.9323784753014622,,2,2026-09-14T15:03:57.639707+00:00,2026-09-15T14:22:12.993680+00:00,1023,7,2026-09-15T14:24:09.709968+00:00,9.26858077075936
62907,Ojisan wa Kawaii Mono ga Osuki.,False,3545,3643,3644,1,0,1,0,0,,0,2026-09-15T14:21:38.772775+00:00,0.05602140055555556,not_yet_aired,2026-10-04,73.11970709507483,2.047024274778131,,2,2026-09-14T15:03:23.469529+00:00,2026-09-15T14:21:38.772775+00:00,1760,9,2026-09-15T14:24:11.974817+00:00,41.193641495812415
62696,Choujun! Choujou-senpai,False,3526,3593,3592,1,0,1,0,0,,0,2026-09-15T14:21:36.449046+00:00,0.05666688083333333,not_yet_aired,2026-10-06,51.49268003958167,1.4533638170923417,,2,2026-09-14T15:03:21.029412+00:00,2026-09-15T14:21:36.449046+00:00,1958,14,2026-09-15T14:24:14.135513+00:00,36.04443242369139
62615,Tetsuryou! Meet with Tetsudou Musume,False,3291,3372,3368,2,0,2,0,0,,0,2026-09-15T14:21:35.303990+00:00,0.056984951944444445,not_yet_aired,2026-10-09,66.94045170125536,2.024204768710473,,2,2026-09-14T15:03:19.843812+00:00,2026-09-15T14:21:35.303990+00:00,1547,5,2026-09-15T14:24:16.358307+00:00,32.95489314162779
63764,Vertex Force,False,3274,3327,3326,1,0,1,0,0,,0,2026-09-15T14:22:02.551442+00:00,0.04941621527777777,not_yet_aired,2026-10-03,39.13437544966404,1.1898563529846167,,2,2026-09-14T15:03:47.000222+00:00,2026-09-15T14:22:02.551442+00:00,1747,11,2026-09-15T14:24:18.619741+00:00,23.686311558668013
64326,Marronnier Oukoku no Shichinin no Kishi,False,3078,3198,3194,2,0,2,0,0,,0,2026-09-15T14:22:16.468453+00:00,0.045550378888888896,not_yet_aired,2026-10-03,93.71681117160794,3.0163119141167667,,2,2026-09-14T15:04:01.168328+00:00,2026-09-15T14:22:16.468453+00:00,1845,10,2026-09-15T14:24:20.863149+00:00,45.31289321334419
63157,Keroro Gunsou☆,False,2358,2411,2410,1,0,1,0,0,,0,2026-09-15T14:21:44.762637+00:00,0.054357550000000004,not_yet_aired,2026-10-03,42.22397462190254,1.7816023047216263,,2,2026-09-14T15:03:29.297283+00:00,2026-09-15T14:21:44.762637+00:00,509,4,2026-09-15T14:24:23.020720+00:00,40.16372289605985
63381,"Mouse Cursor de Genjitsu wo Sousa Dekiru You ni Natta node, Onna no Ko wo Ippai Click Shimaasu",False,2033,2171,1810,334,0,334,12,14,,100,2026-09-15T14:21:51.887286+00:00,0.05237848083333334,not_yet_aired,2026-10-05,109.16455485418203,5.286419121267895,,2,2026-09-14T15:03:36.523885+00:00,2026-09-15T14:21:51.887286+00:00,1764,22,2026-09-15T14:24:29.595128+00:00,88.56607135745719
63053,Kyoufu Collector,False,2079,2147,2142,4,0,4,0,1,,0,2026-09-15T14:21:41.114790+00:00,0.05537084083333333,not_yet_aired,2026-10,70.03013864758682,3.368453037401964,,2,2026-09-14T15:03:25.807520+00:00,2026-09-15T14:21:41.114790+00:00,2448,18,2026-09-15T14:24:27.361987+00:00,43.25323758168651
62534,Shin Tennis no Oujisama: U-17 World Cup Kesshou Member Ketteisen,False,2124,2139,2138,0,0,0,0,0,,0,2026-09-15T14:21:32.833099+00:00,0.057671310555555556,not_yet_aired,2026-10-01,11.328403842632055,0.5323498046349651,,2,2026-09-14T15:03:17.518878+00:00,2026-09-15T14:21:32.833099+00:00,816,5,2026-09-15T14:24:25.181514+00:00,6.179034772713543
59415,Dark Machine: The Animation,False,1867,1917,1917,1,0,1,0,0,,0,2026-09-15T14:21:15.500838+00:00,0.0624858275,not_yet_aired,2026-10-14,32.95549295784189,1.748302013678615,,2,2026-09-14T15:03:00.533661+00:00,2026-09-15T14:21:15.500838+00:00,861,4,2026-09-15T14:24:31.832622+00:00,18.537074187213843
63667,Mahou no Shimai Lulutto Lilly Part 2,False,1395,1413,1413,0,0,0,0,0,,0,2026-09-15T14:21:56.615301+00:00,0.051065143333333333,not_yet_aired,2026-10-04,17.507516470590478,1.2541200910165098,,2,2026-09-14T15:03:41.220859+00:00,2026-09-15T14:21:56.615301+00:00,933,7,2026-09-15T14:24:33.986960+00:00,9.268539718837921
64718,Ghost Meets Gal!,False,1334,1412,1112,259,1,260,22,16,,36,2026-09-15T14:22:25.747369+00:00,0.04297290222222222,currently_airing,2026-09-05,62.821249705019184,4.649981473354492,,2,2026-09-14T15:04:10.568194+00:00,2026-09-15T14:22:25.747369+00:00,560,9,2026-09-15T14:24:38.424179+00:00,16.477381016771602
63818,Battle Spirits [Re]: Zekkai no Kuu,False,1337,1360,1360,0,0,0,0,0,,0,2026-09-15T14:22:04.879131+00:00,0.048769635,not_yet_aired,2026-10-06,14.417938150698095,1.0711692533951036,,2,2026-09-14T15:03:49.388156+00:00,2026-09-15T14:22:04.879131+00:00,,,,
64344,Juuou Mujin Dandivine,False,1192,1223,1222,1,0,1,0,0,,0,2026-09-15T14:22:18.776232+00:00,0.044909329166666664,not_yet_aired,2026-10-08,21.626962060431612,1.799248091550051,,2,2026-09-14T15:04:03.497971+00:00,2026-09-15T14:22:18.776232+00:00,646,5,2026-09-15T14:24:40.600363+00:00,22.656394116003792
63938,Cardfight!! Vanguard: Divinez Unmei Seisen-hen,False,725,733,732,0,1,1,0,0,,0,2026-09-15T14:22:08.351669+00:00,0.04780504111111111,not_yet_aired,2026-11-07,4.119412550900935,0.5650771674761228,,2,2026-09-14T15:03:52.894312+00:00,2026-09-15T14:22:08.351669+00:00,249,3,2026-09-15T14:24:42.848403+00:00,6.17901140088899
62039,Pan Dorobou,False,179,183,183,0,0,0,0,0,,0,2026-09-15T14:21:29.361072+00:00,0.058635762499999994,not_yet_aired,2026-10,4.119413753009973,2.3013484653687,,2,2026-09-14T15:03:13.928197+00:00,2026-09-15T14:21:29.361072+00:00,220,1,2026-09-15T14:24:45.038213+00:00,3.0895057890454978
63901,Shirotan,False,174,179,179,0,0,0,0,0,,0,2026-09-15T14:22:07.214008+00:00,0.048121058055555554,not_yet_aired,2026-10-03,5.1492617831384715,2.9593458523784317,,2,2026-09-14T15:03:51.693020+00:00,2026-09-15T14:22:07.214008+00:00,202,4,2026-09-15T14:24:47.204154+00:00,5.149175920557111
64028,Tanuki to Kitsune (TV),False,165,171,168,0,0,0,3,0,,0,2026-09-15T14:22:09.519571+00:00,0.04748062388888889,not_yet_aired,2026-10-04,6.1791181258415735,3.7449200762676202,,2,2026-09-14T15:03:54.052703+00:00,2026-09-15T14:22:09.519571+00:00,,,,
64430,Yuruyuru Zukan,False,121,128,128,0,0,0,0,0,,0,2026-09-15T14:22:19.947372+00:00,0.0445840125,not_yet_aired,2026-10-04,3.0895665633869625,2.47165325070957,,2,2026-09-14T15:04:04.684175+00:00,2026-09-15T14:22:19.947372+00:00,,,,
64717,Yuusanchi! from Yuu-hachi,False,93,101,101,0,0,0,0,0,,0,2026-09-15T14:22:24.614546+00:00,0.04328757527777778,not_yet_aired,2026-10-05,7.208992730365159,7.669141202516126,,2,2026-09-14T15:04:09.398859+00:00,2026-09-15T14:22:24.614546+00:00,,,,
63823,Punirunes: Puni 4,False,88,89,89,0,0,0,0,0,,0,2026-09-15T14:22:06.076087+00:00,0.04843714722222222,not_yet_aired,2026-10-04,1.02985198627855,1.1702863480438068,,2,2026-09-14T15:03:50.524929+00:00,2026-09-15T14:22:06.076087+00:00,,,,
64789,Nezumi-kun no Chokki (TV) 2nd Season,False,51,52,51,0,0,0,1,0,,0,2026-09-15T14:22:27.120268+00:00,0.04259154138888888,not_yet_aired,2026-10-03,1.0298540772877984,2.0193217201721536,,2,2026-09-14T15:04:11.739451+00:00,2026-09-15T14:22:27.120268+00:00,,,,
